{"IcoMoonType":"selection","icons":[{"icon":{"paths":["M4107.284 59.433c20.142-20.144 52.808-20.144 72.95-0l412.662 412.657c9.667 9.674 15.104 22.793 15.104 36.474s-5.437 26.801-15.104 36.474l-412.662 412.657c-20.142 20.144-52.808 20.144-72.95 0s-20.142-52.805 0-72.948l324.608-324.601h-4380.31c-28.488 0-51.582-23.094-51.582-51.582s23.094-51.582 51.582-51.582h4380.31l-324.608-324.6c-20.142-20.144-20.142-52.804 0-72.949z"],"attrs":[],"width":4608,"isMulticolor":false,"isMulticolor2":false,"grid":0,"tags":["arrow_right"],"colorPermutations":{}},"attrs":[],"properties":{"order":14,"id":2,"name":"arrow_right","prevSize":32,"code":59648},"setIdx":0,"setId":0,"iconIdx":0},{"icon":{"paths":["M837.818 511.999l-768.001-443.406v886.808l768.001-443.402z"],"attrs":[],"width":838,"isMulticolor":false,"isMulticolor2":false,"grid":0,"tags":["filled_arrow_right"],"colorPermutations":{}},"attrs":[],"properties":{"order":15,"id":1,"name":"filled_arrow_right","prevSize":32,"code":59649},"setIdx":0,"setId":0,"iconIdx":1},{"icon":{"paths":["M533.105 919.924l461.681-799.655h-923.363l461.682 799.655z"],"attrs":[],"isMulticolor":false,"isMulticolor2":false,"grid":0,"tags":["Polygon 2"],"colorPermutations":{}},"attrs":[],"properties":{"order":16,"id":0,"name":"arrow-down","prevSize":32,"code":59650},"setIdx":0,"setId":0,"iconIdx":2}],"height":1024,"metadata":{"name":"icon"},"preferences":{"showGlyphs":true,"showQuickUse":true,"showQuickUse2":false,"showSVGs":true,"fontPref":{"prefix":"_icon-","metadata":{"fontFamily":"icon","majorVersion":1,"minorVersion":0},"metrics":{"emSize":1024,"baseline":6.25,"whitespace":50},"embed":false,"showSelector":true,"showMetrics":false,"noie8":true,"ie7":false,"showMetadata":false,"showVersion":false,"cssVars":false,"cssVarsFormat":"scss","postfix":"_iconic-"},"imagePref":{"prefix":"icon-","png":true,"useClassSelector":true,"color":0,"bgColor":16777215,"classSelector":".icon","name":"icomoon","height":32,"columns":16,"margin":16},"historySize":50,"showCodes":true,"gridSize":16}}